InvariantSize,MythVerifCalls,MythMaxVerifTime,ConjStrVerifCalls,Test,MythTime,LAStrTotalSynthTime,ConjStrTotalVerifTime,MythTotalSynthTime,LAStrTotalVerifTime,MythSynthCalls,LAStrSynthCalls,ConjStrSynthCalls,LAStrTime,MythTotalVerifTime,ConjStrTotalSynthTime,ConjStrTime,ConjStrMaxSynthTime,LAStrMaxSynthTime,ConjStrMaxVerifTime,MythMaxSynthTime,LAStrVerifCalls,LAStrMaxVerifTime
45,20,12082.1213722229,42,/micro/sized-list,15.871987414360046,327.5689363479614,24146.698451042175,340.5632257461548,36253.7024974823,6,14,17,36.636996555328366,15415.312027931213,366.25120639801025,24.620872235298158,173.56188297271729,160.03541946411133,6213.23766708374,176.4028787612915,43,5706.376075744629
29,16,450.64942836761475,50,/micro/cache,1.1133793830871581,160.03987789154053,1001.1208534240723,160.25431156158447,1794.6277618408203,5,8,8,2.0187054872512817,891.4402484893799,163.92788887023926,1.2379612445831298,118.74921321868896,117.07911491394043,337.41726875305176,120.05105018615723,37,338.8695955276489
53,14,4507.980179786682,33,/micro/listlike-tree,8.680403542518615,149.07000064849854,26294.66552734375,119.45862770080566,35506.479716300964,4,9,10,35.72131340503692,8486.77523136139,145.8237886428833,26.51199860572815,63.95461559295654,64.328932762146,4551.916289329529,61.444640159606934,35,4780.67307472229
23,12,1032.4678182601929,31,/micro/nat-nat-option-::-range,1.7870200634002686,83.34522247314453,2720.766830444336,89.10133838653564,4319.170522689819,4,5,9,4.469513487815857,1631.8322658538818,84.5937728881836,2.873763394355774,66.71855449676514,65.91432094573975,1035.1122379302979,70.31724452972412,32,1046.1061716079712
49,20,2271.1830139160156,35,/micro/stutter-list,7.3646669626235965,1184.3663454055786,10038.147592544556,1227.4527788162231,13558.879709243774,7,9,10,14.804020833969116,5969.483470916748,1178.1570434570312,11.311592626571656,479.3429136276245,497.96807765960693,2292.546796798706,503.33831310272217,37,2281.461453437805
