SmallestThirty,Myth,Fold,SRP,Test,CLP
incorrect,1.0510530471801758,1.3552849292755127,1.051685094833374,/micro/cache,1.1490991115570068
incorrect,8.160897016525269,21.969931840896606,8.169903993606567,/micro/listlike-tree,8.67218017578125
timeout,1.6056938171386719,1.4198760986328125,1.7646408081054688,/micro/nat-nat-option-::-range,1.6509101390838623
error,6.955649137496948,4.20630407333374,6.792813062667847,/micro/stutter-list,10.891932010650635
incorrect,65.10286593437195,73.67409610748291,70.46382093429565,/vfa/tree-::-priqueue,282.86130595207214
incorrect,1.8522820472717285,1.8747179508209229,1.8256640434265137,/vfa/list-::-table,1.849613904953003
