Test,SS
/sized-list,63.126286029815674
/sorted-list-set,78.54102897644043
/cache-minimal-incorrect,[-1]
/binary-search-tree-set,[-1]
/range-trivial,34.712050914764404
/cache-minimal,19.99746084213257
/range,26.53266406059265
/unique-list,115.09174990653992
/stutter-list,42.797560930252075
